{
  "best": {
    "loss_dice": 0.372115506770763,
    "loss_iou": 0.5423934402618005,
    "loss_bce": 0.029314279338305296,
    "dice": 0.6278844932292367,
    "iou": 0.45760656100638375,
    "loss": 0.9379603761307735
  },
  "last": {
    "loss_dice": 0.372115506770763,
    "loss_iou": 0.5423934402618005,
    "loss_bce": 0.029314279338305296,
    "dice": 0.6278844932292367,
    "iou": 0.45760656100638375,
    "loss": 0.9379603761307735
  },
  "train.10": {
    "loss_dice": 0.372115506770763,
    "loss_iou": 0.5423934402618005,
    "loss_bce": 0.029314279338305296,
    "dice": 0.6278844932292367,
    "iou": 0.45760656100638375,
    "loss": 0.9379603761307735
  },
  "epoch_0": [
    "logs\\segmentation\\checkpoints/train.1.pth",
    0.590953828172481,
    {
      "loss_dice": 0.4090461718275193,
      "loss_iou": 0.5805578035243014,
      "loss_bce": 0.025437367802604718,
      "dice": 0.590953828172481,
      "iou": 0.41944219298819285,
      "loss": 1.0099538678818563
    }
  ],
  "epoch_1": [
    "logs\\segmentation\\checkpoints/train.2.pth",
    0.6121242477538732,
    {
      "loss_dice": 0.38787575224612614,
      "loss_iou": 0.5589272183306675,
      "loss_bce": 0.027232922177682535,
      "dice": 0.6121242477538732,
      "iou": 0.44107278357160856,
      "loss": 0.968589312218605
    }
  ],
  "epoch_2": [
    "logs\\segmentation\\checkpoints/train.3.pth",
    0.618746447436353,
    {
      "loss_dice": 0.381253552563647,
      "loss_iou": 0.5520267448526749,
      "loss_bce": 0.030343835400615613,
      "dice": 0.618746447436353,
      "iou": 0.4479732516598194,
      "loss": 0.9575553682256253
    }
  ],
  "epoch_3": [
    "logs\\segmentation\\checkpoints/train.4.pth",
    0.6230420115146232,
    {
      "loss_dice": 0.37695798848537687,
      "loss_iou": 0.5475153625011441,
      "loss_bce": 0.02997002752616684,
      "dice": 0.6230420115146232,
      "iou": 0.45248463654771764,
      "loss": 0.9484493745134231
    }
  ],
  "epoch_4": [
    "logs\\segmentation\\checkpoints/train.5.pth",
    0.6255469753387124,
    {
      "loss_dice": 0.3744530246612874,
      "loss_iou": 0.5448694387648967,
      "loss_bce": 0.028779025070686297,
      "dice": 0.6255469753387124,
      "iou": 0.45513056282033304,
      "loss": 0.9423456870495004
    }
  ],
  "epoch_5": [
    "logs\\segmentation\\checkpoints/train.6.pth",
    0.6265381168811881,
    {
      "loss_dice": 0.3734618831188122,
      "loss_iou": 0.5438209436041243,
      "loss_bce": 0.029423178609539857,
      "dice": 0.6265381168811881,
      "iou": 0.45617905449359997,
      "loss": 0.9408213673753939
    }
  ],
  "epoch_6": [
    "logs\\segmentation\\checkpoints/train.7.pth",
    0.6268263097773207,
    {
      "loss_dice": 0.37317369022267927,
      "loss_iou": 0.5435157988933806,
      "loss_bce": 0.030015965765143957,
      "dice": 0.6268263097773207,
      "iou": 0.45648420078957347,
      "loss": 0.940702261442834
    }
  ],
  "epoch_7": [
    "logs\\segmentation\\checkpoints/train.8.pth",
    0.6276510643198133,
    {
      "loss_dice": 0.37234893568018657,
      "loss_iou": 0.5426410316152774,
      "loss_bce": 0.02939998576457195,
      "dice": 0.6276510643198133,
      "iou": 0.45735896933586045,
      "loss": 0.9385099620261087
    }
  ],
  "epoch_8": [
    "logs\\segmentation\\checkpoints/train.9.pth",
    0.6278053534791824,
    {
      "loss_dice": 0.3721946465208176,
      "loss_iou": 0.5424774155971854,
      "loss_bce": 0.029152482411170258,
      "dice": 0.6278053534791824,
      "iou": 0.4575225844028146,
      "loss": 0.9379940546573479
    }
  ],
  "epoch_9": [
    "logs\\segmentation\\checkpoints/train.10.pth",
    0.6278844932292367,
    {
      "loss_dice": 0.372115506770763,
      "loss_iou": 0.5423934402618005,
      "loss_bce": 0.029314279338305296,
      "dice": 0.6278844932292367,
      "iou": 0.45760656100638375,
      "loss": 0.9379603761307735
    }
  ]
}